{"accuracy": [0.6331770420074463, 0.7861129641532898, 0.8108208775520325, 0.8277145028114319, 0.8342636227607727, 0.8452035188674927, 0.8433430194854736, 0.8539108633995056, 0.8507851362228394, 0.8520503044128418, 0.8533154726028442, 0.8611297011375427, 0.8579295873641968, 0.8590459227561951, 0.8638833165168762, 0.8606832027435303, 0.8668601512908936, 0.8641065955162048, 0.8680509328842163, 0.865446150302887, 0.8683485984802246, 0.8636600375175476], "loss": [1.31854248046875, 0.7427272796630859, 0.635136067867279, 0.5711014866828918, 0.5377036333084106, 0.5221214890480042, 0.5060665607452393, 0.4842425584793091, 0.4856054484844208, 0.4778236746788025, 0.4808478355407715, 0.4603884518146515, 0.4661943316459656, 0.4714888334274292, 0.44643697142601013, 0.4558159410953522, 0.4416760206222534, 0.45595401525497437, 0.43085822463035583, 0.444044291973114, 0.4372168481349945, 0.45128029584884644], "val_accuracy": [0.7993456721305847, 0.8433297276496887, 0.8629589080810547, 0.8673209547996521, 0.8753180503845215, 0.8644129633903503, 0.8945837616920471, 0.8974918127059937, 0.8825881481170654, 0.8913122415542603, 0.905488908290863, 0.8934932947158813, 0.8905852437019348, 0.8993093371391296, 0.9043983817100525, 0.9076699614524841, 0.909123957157135, 0.9011268615722656, 0.8982188105583191, 0.905488908290863, 0.9040349125862122, 0.8982188105583191], "val_loss": [0.7258570790290833, 0.5579681396484375, 0.49046874046325684, 0.46945589780807495, 0.42118504643440247, 0.46171140670776367, 0.380618691444397, 0.3504349887371063, 0.3913939893245697, 0.37420859932899475, 0.3380483388900757, 0.34064531326293945, 0.357998788356781, 0.3373362720012665, 0.3183911144733429, 0.3184572458267212, 0.3172948360443115, 0.3283153474330902, 0.33027803897857666, 0.3260546028614044, 0.320375919342041, 0.32948750257492065]}